"","Date","region","total confirmed cases","new cases","interventions"
"1",2020-01-25,"NSW",3,3,NA
"2",2020-01-25,"WA",0,0,NA
"3",2020-01-25,"VIC",1,1,NA
"4",2020-01-25,"SA",0,0,NA
"5",2020-01-25,"ACT",0,0,NA
"6",2020-01-25,"NT",0,0,NA
"7",2020-01-25,"QLD",0,0,NA
"8",2020-01-25,"TAS",0,0,NA
"9",2020-01-25,"AUS",4,4,NA
"10",2020-01-26,"NSW",3,0,NA
"11",2020-01-26,"WA",0,0,NA
"12",2020-01-26,"VIC",1,0,NA
"13",2020-01-26,"SA",0,0,NA
"14",2020-01-26,"ACT",0,0,NA
"15",2020-01-26,"NT",0,0,NA
"16",2020-01-26,"QLD",0,0,NA
"17",2020-01-26,"TAS",0,0,NA
"18",2020-01-26,"AUS",4,0,NA
"19",2020-01-27,"NSW",3,0,NA
"20",2020-01-27,"WA",0,0,NA
"21",2020-01-27,"VIC",1,0,NA
"22",2020-01-27,"SA",0,0,NA
"23",2020-01-27,"ACT",0,0,NA
"24",2020-01-27,"NT",0,0,NA
"25",2020-01-27,"QLD",0,0,NA
"26",2020-01-27,"TAS",0,0,NA
"27",2020-01-27,"AUS",4,0,NA
"28",2020-01-28,"NSW",3,0,NA
"29",2020-01-28,"WA",0,0,NA
"30",2020-01-28,"VIC",1,0,NA
"31",2020-01-28,"SA",0,0,NA
"32",2020-01-28,"ACT",0,0,NA
"33",2020-01-28,"NT",0,0,NA
"34",2020-01-28,"QLD",0,0,NA
"35",2020-01-28,"TAS",0,0,NA
"36",2020-01-28,"AUS",4,0,NA
"37",2020-01-29,"NSW",3,0,NA
"38",2020-01-29,"WA",0,0,NA
"39",2020-01-29,"VIC",2,1,NA
"40",2020-01-29,"SA",0,0,NA
"41",2020-01-29,"ACT",0,0,NA
"42",2020-01-29,"NT",0,0,NA
"43",2020-01-29,"QLD",0,0,"Public health emergency is declared."
"44",2020-01-29,"TAS",0,0,NA
"45",2020-01-29,"AUS",5,1,NA
"46",2020-01-30,"NSW",3,0,NA
"47",2020-01-30,"WA",0,0,NA
"48",2020-01-30,"VIC",3,1,NA
"49",2020-01-30,"SA",0,0,NA
"50",2020-01-30,"ACT",0,0,NA
"51",2020-01-30,"NT",0,0,NA
"52",2020-01-30,"QLD",2,2,NA
"53",2020-01-30,"TAS",0,0,NA
"54",2020-01-30,"AUS",8,3,NA
"55",2020-01-31,"NSW",3,0,NA
"56",2020-01-31,"WA",0,0,NA
"57",2020-01-31,"VIC",3,0,NA
"58",2020-01-31,"SA",0,0,NA
"59",2020-01-31,"ACT",0,0,NA
"60",2020-01-31,"NT",0,0,NA
"61",2020-01-31,"QLD",2,0,NA
"62",2020-01-31,"TAS",0,0,NA
"63",2020-01-31,"AUS",8,0,NA
"64",2020-02-01,"NSW",3,0,NA
"65",2020-02-01,"WA",0,0,NA
"66",2020-02-01,"VIC",4,1,NA
"67",2020-02-01,"SA",2,2,NA
"68",2020-02-01,"ACT",0,0,NA
"69",2020-02-01,"NT",0,0,NA
"70",2020-02-01,"QLD",2,0,NA
"71",2020-02-01,"TAS",0,0,NA
"72",2020-02-01,"AUS",11,3,"Chinese nationals banned from entry and returning Aussies forced to self-isolate for 2 weeks"
"73",2020-02-02,"NSW",3,0,NA
"74",2020-02-02,"WA",0,0,NA
"75",2020-02-02,"VIC",4,0,NA
"76",2020-02-02,"SA",2,0,NA
"77",2020-02-02,"ACT",0,0,NA
"78",2020-02-02,"NT",0,0,NA
"79",2020-02-02,"QLD",2,0,NA
"80",2020-02-02,"TAS",0,0,NA
"81",2020-02-02,"AUS",11,0,NA
"82",2020-02-03,"NSW",3,0,NA
"83",2020-02-03,"WA",0,0,NA
"84",2020-02-03,"VIC",4,0,NA
"85",2020-02-03,"SA",2,0,NA
"86",2020-02-03,"ACT",0,0,NA
"87",2020-02-03,"NT",0,0,NA
"88",2020-02-03,"QLD",2,0,NA
"89",2020-02-03,"TAS",0,0,NA
"90",2020-02-03,"AUS",11,0,NA
"91",2020-02-04,"NSW",3,0,NA
"92",2020-02-04,"WA",0,0,NA
"93",2020-02-04,"VIC",4,0,NA
"94",2020-02-04,"SA",2,0,NA
"95",2020-02-04,"ACT",0,0,NA
"96",2020-02-04,"NT",0,0,NA
"97",2020-02-04,"QLD",3,1,NA
"98",2020-02-04,"TAS",0,0,NA
"99",2020-02-04,"AUS",12,1,NA
"100",2020-02-05,"NSW",3,0,NA
"101",2020-02-05,"WA",0,0,NA
"102",2020-02-05,"VIC",4,0,NA
"103",2020-02-05,"SA",2,0,NA
"104",2020-02-05,"ACT",0,0,NA
"105",2020-02-05,"NT",0,0,NA
"106",2020-02-05,"QLD",4,1,NA
"107",2020-02-05,"TAS",0,0,NA
"108",2020-02-05,"AUS",13,1,NA
"109",2020-02-06,"NSW",3,0,NA
"110",2020-02-06,"WA",0,0,NA
"111",2020-02-06,"VIC",4,0,NA
"112",2020-02-06,"SA",2,0,NA
"113",2020-02-06,"ACT",0,0,NA
"114",2020-02-06,"NT",0,0,NA
"115",2020-02-06,"QLD",5,1,NA
"116",2020-02-06,"TAS",0,0,NA
"117",2020-02-06,"AUS",14,1,NA
"118",2020-02-07,"NSW",3,0,NA
"119",2020-02-07,"WA",0,0,NA
"120",2020-02-07,"VIC",4,0,NA
"121",2020-02-07,"SA",2,0,NA
"122",2020-02-07,"ACT",0,0,NA
"123",2020-02-07,"NT",0,0,NA
"124",2020-02-07,"QLD",5,0,NA
"125",2020-02-07,"TAS",0,0,NA
"126",2020-02-07,"AUS",14,0,NA
"127",2020-02-08,"NSW",3,0,NA
"128",2020-02-08,"WA",0,0,NA
"129",2020-02-08,"VIC",4,0,NA
"130",2020-02-08,"SA",2,0,NA
"131",2020-02-08,"ACT",0,0,NA
"132",2020-02-08,"NT",0,0,NA
"133",2020-02-08,"QLD",5,0,NA
"134",2020-02-08,"TAS",0,0,NA
"135",2020-02-08,"AUS",14,0,NA
"136",2020-02-09,"NSW",3,0,NA
"137",2020-02-09,"WA",0,0,NA
"138",2020-02-09,"VIC",4,0,NA
"139",2020-02-09,"SA",2,0,NA
"140",2020-02-09,"ACT",0,0,NA
"141",2020-02-09,"NT",0,0,NA
"142",2020-02-09,"QLD",5,0,NA
"143",2020-02-09,"TAS",0,0,NA
"144",2020-02-09,"AUS",14,0,NA
"145",2020-02-10,"NSW",3,0,NA
"146",2020-02-10,"WA",0,0,NA
"147",2020-02-10,"VIC",4,0,NA
"148",2020-02-10,"SA",2,0,NA
"149",2020-02-10,"ACT",0,0,NA
"150",2020-02-10,"NT",0,0,NA
"151",2020-02-10,"QLD",5,0,NA
"152",2020-02-10,"TAS",0,0,NA
"153",2020-02-10,"AUS",14,0,NA
"154",2020-02-11,"NSW",3,0,NA
"155",2020-02-11,"WA",0,0,NA
"156",2020-02-11,"VIC",4,0,NA
"157",2020-02-11,"SA",2,0,NA
"158",2020-02-11,"ACT",0,0,NA
"159",2020-02-11,"NT",0,0,NA
"160",2020-02-11,"QLD",5,0,NA
"161",2020-02-11,"TAS",0,0,NA
"162",2020-02-11,"AUS",14,0,NA
"163",2020-02-12,"NSW",3,0,NA
"164",2020-02-12,"WA",0,0,NA
"165",2020-02-12,"VIC",4,0,NA
"166",2020-02-12,"SA",2,0,NA
"167",2020-02-12,"ACT",0,0,NA
"168",2020-02-12,"NT",0,0,NA
"169",2020-02-12,"QLD",5,0,NA
"170",2020-02-12,"TAS",0,0,NA
"171",2020-02-12,"AUS",14,0,NA
"172",2020-02-13,"NSW",3,0,NA
"173",2020-02-13,"WA",0,0,NA
"174",2020-02-13,"VIC",4,0,NA
"175",2020-02-13,"SA",2,0,NA
"176",2020-02-13,"ACT",0,0,NA
"177",2020-02-13,"NT",0,0,NA
"178",2020-02-13,"QLD",5,0,NA
"179",2020-02-13,"TAS",0,0,NA
"180",2020-02-13,"AUS",14,0,NA
"181",2020-02-14,"NSW",3,0,NA
"182",2020-02-14,"WA",0,0,NA
"183",2020-02-14,"VIC",4,0,NA
"184",2020-02-14,"SA",2,0,NA
"185",2020-02-14,"ACT",0,0,NA
"186",2020-02-14,"NT",0,0,NA
"187",2020-02-14,"QLD",5,0,NA
"188",2020-02-14,"TAS",0,0,NA
"189",2020-02-14,"AUS",14,0,NA
"190",2020-02-15,"NSW",3,0,NA
"191",2020-02-15,"WA",0,0,NA
"192",2020-02-15,"VIC",4,0,NA
"193",2020-02-15,"SA",2,0,NA
"194",2020-02-15,"ACT",0,0,NA
"195",2020-02-15,"NT",0,0,NA
"196",2020-02-15,"QLD",5,0,NA
"197",2020-02-15,"TAS",0,0,NA
"198",2020-02-15,"AUS",14,0,NA
"199",2020-02-16,"NSW",3,0,NA
"200",2020-02-16,"WA",0,0,NA
"201",2020-02-16,"VIC",4,0,NA
"202",2020-02-16,"SA",2,0,NA
"203",2020-02-16,"ACT",0,0,NA
"204",2020-02-16,"NT",0,0,NA
"205",2020-02-16,"QLD",5,0,NA
"206",2020-02-16,"TAS",0,0,NA
"207",2020-02-16,"AUS",14,0,NA
"208",2020-02-17,"NSW",3,0,NA
"209",2020-02-17,"WA",0,0,NA
"210",2020-02-17,"VIC",4,0,NA
"211",2020-02-17,"SA",2,0,NA
"212",2020-02-17,"ACT",0,0,NA
"213",2020-02-17,"NT",0,0,NA
"214",2020-02-17,"QLD",5,0,NA
"215",2020-02-17,"TAS",0,0,NA
"216",2020-02-17,"AUS",14,0,NA
"217",2020-02-18,"NSW",3,0,NA
"218",2020-02-18,"WA",0,0,NA
"219",2020-02-18,"VIC",4,0,NA
"220",2020-02-18,"SA",2,0,NA
"221",2020-02-18,"ACT",0,0,NA
"222",2020-02-18,"NT",0,0,NA
"223",2020-02-18,"QLD",5,0,NA
"224",2020-02-18,"TAS",0,0,NA
"225",2020-02-18,"AUS",14,0,NA
"226",2020-02-19,"NSW",3,0,NA
"227",2020-02-19,"WA",0,0,NA
"228",2020-02-19,"VIC",4,0,NA
"229",2020-02-19,"SA",2,0,NA
"230",2020-02-19,"ACT",0,0,NA
"231",2020-02-19,"NT",0,0,NA
"232",2020-02-19,"QLD",5,0,NA
"233",2020-02-19,"TAS",0,0,NA
"234",2020-02-19,"AUS",14,0,NA
"235",2020-02-20,"NSW",3,0,NA
"236",2020-02-20,"WA",0,0,NA
"237",2020-02-20,"VIC",4,0,NA
"238",2020-02-20,"SA",2,0,NA
"239",2020-02-20,"ACT",0,0,NA
"240",2020-02-20,"NT",0,0,NA
"241",2020-02-20,"QLD",5,0,NA
"242",2020-02-20,"TAS",0,0,NA
"243",2020-02-20,"AUS",14,0,NA
"244",2020-02-21,"NSW",3,0,NA
"245",2020-02-21,"WA",1,1,NA
"246",2020-02-21,"VIC",4,0,NA
"247",2020-02-21,"SA",2,0,NA
"248",2020-02-21,"ACT",0,0,NA
"249",2020-02-21,"NT",0,0,NA
"250",2020-02-21,"QLD",5,0,NA
"251",2020-02-21,"TAS",0,0,NA
"252",2020-02-21,"AUS",15,1,NA
"253",2020-02-22,"NSW",3,0,NA
"254",2020-02-22,"WA",1,0,NA
"255",2020-02-22,"VIC",4,0,NA
"256",2020-02-22,"SA",2,0,NA
"257",2020-02-22,"ACT",0,0,NA
"258",2020-02-22,"NT",7,7,NA
"259",2020-02-22,"QLD",7,2,NA
"260",2020-02-22,"TAS",0,0,NA
"261",2020-02-22,"AUS",24,9,NA
"262",2020-02-23,"NSW",3,0,NA
"263",2020-02-23,"WA",1,0,NA
"264",2020-02-23,"VIC",4,0,NA
"265",2020-02-23,"SA",2,0,NA
"266",2020-02-23,"ACT",0,0,NA
"267",2020-02-23,"NT",7,0,NA
"268",2020-02-23,"QLD",7,0,NA
"269",2020-02-23,"TAS",0,0,NA
"270",2020-02-23,"AUS",24,0,NA
"271",2020-02-24,"NSW",3,0,NA
"272",2020-02-24,"WA",1,0,NA
"273",2020-02-24,"VIC",4,0,NA
"274",2020-02-24,"SA",2,0,NA
"275",2020-02-24,"ACT",0,0,NA
"276",2020-02-24,"NT",7,0,NA
"277",2020-02-24,"QLD",7,0,NA
"278",2020-02-24,"TAS",0,0,NA
"279",2020-02-24,"AUS",24,0,NA
"280",2020-02-25,"NSW",3,0,NA
"281",2020-02-25,"WA",1,0,NA
"282",2020-02-25,"VIC",4,0,NA
"283",2020-02-25,"SA",2,0,NA
"284",2020-02-25,"ACT",0,0,NA
"285",2020-02-25,"NT",7,0,NA
"286",2020-02-25,"QLD",7,0,NA
"287",2020-02-25,"TAS",0,0,NA
"288",2020-02-25,"AUS",24,0,NA
"289",2020-02-26,"NSW",4,1,NA
"290",2020-02-26,"WA",1,0,NA
"291",2020-02-26,"VIC",4,0,NA
"292",2020-02-26,"SA",2,0,NA
"293",2020-02-26,"ACT",0,0,NA
"294",2020-02-26,"NT",7,0,NA
"295",2020-02-26,"QLD",7,0,NA
"296",2020-02-26,"TAS",0,0,NA
"297",2020-02-26,"AUS",25,1,NA
"298",2020-02-27,"NSW",4,0,NA
"299",2020-02-27,"WA",1,0,NA
"300",2020-02-27,"VIC",4,0,NA
"301",2020-02-27,"SA",2,0,NA
"302",2020-02-27,"ACT",0,0,NA
"303",2020-02-27,"NT",7,0,NA
"304",2020-02-27,"QLD",7,0,NA
"305",2020-02-27,"TAS",0,0,NA
"306",2020-02-27,"AUS",25,0,NA
"307",2020-02-28,"NSW",4,0,NA
"308",2020-02-28,"WA",1,0,NA
"309",2020-02-28,"VIC",4,0,NA
"310",2020-02-28,"SA",2,0,NA
"311",2020-02-28,"ACT",0,0,NA
"312",2020-02-28,"NT",7,0,NA
"313",2020-02-28,"QLD",7,0,NA
"314",2020-02-28,"TAS",0,0,NA
"315",2020-02-28,"AUS",25,0,NA
"316",2020-02-29,"NSW",4,0,NA
"317",2020-02-29,"WA",1,0,NA
"318",2020-02-29,"VIC",4,0,NA
"319",2020-02-29,"SA",2,0,NA
"320",2020-02-29,"ACT",0,0,NA
"321",2020-02-29,"NT",7,0,NA
"322",2020-02-29,"QLD",9,2,NA
"323",2020-02-29,"TAS",0,0,NA
"324",2020-02-29,"AUS",27,2,NA
"325",2020-03-01,"NSW",6,2,NA
"326",2020-03-01,"WA",1,0,NA
"327",2020-03-01,"VIC",9,5,NA
"328",2020-03-01,"SA",2,0,NA
"329",2020-03-01,"ACT",0,0,NA
"330",2020-03-01,"NT",7,0,NA
"331",2020-03-01,"QLD",9,0,NA
"332",2020-03-01,"TAS",0,0,NA
"333",2020-03-01,"AUS",34,7,"Travel ban on Iran"
"334",2020-03-02,"NSW",6,0,NA
"335",2020-03-02,"WA",1,0,NA
"336",2020-03-02,"VIC",10,1,NA
"337",2020-03-02,"SA",2,0,NA
"338",2020-03-02,"ACT",0,0,NA
"339",2020-03-02,"NT",7,0,NA
"340",2020-03-02,"QLD",9,0,NA
"341",2020-03-02,"TAS",1,1,NA
"342",2020-03-02,"AUS",36,2,NA
"343",2020-03-03,"NSW",15,9,NA
"344",2020-03-03,"WA",1,0,NA
"345",2020-03-03,"VIC",10,0,NA
"346",2020-03-03,"SA",2,0,NA
"347",2020-03-03,"ACT",0,0,NA
"348",2020-03-03,"NT",7,0,NA
"349",2020-03-03,"QLD",10,1,NA
"350",2020-03-03,"TAS",1,0,NA
"351",2020-03-03,"AUS",36,0,NA
"352",2020-03-04,"NSW",22,7,NA
"353",2020-03-04,"WA",1,0,NA
"354",2020-03-04,"VIC",10,0,NA
"355",2020-03-04,"SA",2,0,NA
"356",2020-03-04,"ACT",0,0,NA
"357",2020-03-04,"NT",8,1,NA
"358",2020-03-04,"QLD",11,1,NA
"359",2020-03-04,"TAS",1,0,NA
"360",2020-03-04,"AUS",55,19,NA
"361",2020-03-05,"NSW",22,0,NA
"362",2020-03-05,"WA",3,2,NA
"363",2020-03-05,"VIC",10,0,NA
"364",2020-03-05,"SA",5,3,NA
"365",2020-03-05,"ACT",0,0,NA
"366",2020-03-05,"NT",8,0,NA
"367",2020-03-05,"QLD",13,2,NA
"368",2020-03-05,"TAS",1,0,NA
"369",2020-03-05,"AUS",62,7,"Travel ban on South Korea"
"370",2020-03-06,"NSW",28,6,NA
"371",2020-03-06,"WA",3,0,NA
"372",2020-03-06,"VIC",10,0,NA
"373",2020-03-06,"SA",7,2,NA
"374",2020-03-06,"ACT",0,0,NA
"375",2020-03-06,"NT",8,0,NA
"376",2020-03-06,"QLD",14,1,NA
"377",2020-03-06,"TAS",1,0,NA
"378",2020-03-06,"AUS",71,9,NA
"379",2020-03-07,"NSW",36,8,NA
"380",2020-03-07,"WA",3,0,NA
"381",2020-03-07,"VIC",11,1,NA
"382",2020-03-07,"SA",7,0,NA
"383",2020-03-07,"ACT",0,0,NA
"384",2020-03-07,"NT",8,0,NA
"385",2020-03-07,"QLD",14,0,NA
"386",2020-03-07,"TAS",1,0,NA
"387",2020-03-07,"AUS",80,9,NA
"388",2020-03-08,"NSW",38,12,NA
"389",2020-03-08,"WA",4,1,NA
"390",2020-03-08,"VIC",12,1,NA
"391",2020-03-08,"SA",7,0,NA
"392",2020-03-08,"ACT",0,0,NA
"393",2020-03-08,"NT",8,0,NA
"394",2020-03-08,"QLD",15,1,NA
"395",2020-03-08,"TAS",2,1,NA
"396",2020-03-08,"AUS",86,6,NA
"397",2020-03-09,"NSW",47,9,NA
"398",2020-03-09,"WA",6,2,NA
"399",2020-03-09,"VIC",15,3,NA
"400",2020-03-09,"SA",7,0,NA
"401",2020-03-09,"ACT",0,0,NA
"402",2020-03-09,"NT",8,0,NA
"403",2020-03-09,"QLD",15,0,NA
"404",2020-03-09,"TAS",2,0,NA
"405",2020-03-09,"AUS",100,14,NA
"406",2020-03-10,"NSW",61,14,NA
"407",2020-03-10,"WA",6,0,NA
"408",2020-03-10,"VIC",18,3,NA
"409",2020-03-10,"SA",7,0,NA
"410",2020-03-10,"ACT",0,0,NA
"411",2020-03-10,"NT",8,0,NA
"412",2020-03-10,"QLD",18,3,NA
"413",2020-03-10,"TAS",2,0,NA
"414",2020-03-10,"AUS",120,20,"Travel ban on Italy"
"415",2020-03-11,"NSW",65,4,NA
"416",2020-03-11,"WA",9,3,NA
"417",2020-03-11,"VIC",21,3,NA
"418",2020-03-11,"SA",9,2,NA
"419",2020-03-11,"ACT",0,0,NA
"420",2020-03-11,"NT",8,0,NA
"421",2020-03-11,"QLD",20,2,NA
"422",2020-03-11,"TAS",3,1,NA
"423",2020-03-11,"AUS",135,15,NA
"424",2020-03-12,"NSW",78,13,NA
"425",2020-03-12,"WA",9,0,NA
"426",2020-03-12,"VIC",21,0,NA
"427",2020-03-12,"SA",12,3,NA
"428",2020-03-12,"ACT",1,1,NA
"429",2020-03-12,"NT",8,0,NA
"430",2020-03-12,"QLD",27,7,NA
"431",2020-03-12,"TAS",3,0,NA
"432",2020-03-12,"AUS",159,14,NA
"433",2020-03-13,"NSW",92,14,NA
"434",2020-03-13,"WA",14,5,NA
"435",2020-03-13,"VIC",36,15,NA
"436",2020-03-13,"SA",16,4,NA
"437",2020-03-13,"ACT",1,0,NA
"438",2020-03-13,"NT",8,0,NA
"439",2020-03-13,"QLD",35,8,NA
"440",2020-03-13,"TAS",4,1,NA
"441",2020-03-13,"AUS",206,47,NA
"442",2020-03-14,"NSW",112,20,NA
"443",2020-03-14,"WA",14,0,NA
"444",2020-03-14,"VIC",49,13,NA
"445",2020-03-14,"SA",19,3,NA
"446",2020-03-14,"ACT",1,0,NA
"447",2020-03-14,"NT",8,0,NA
"448",2020-03-14,"QLD",46,11,NA
"449",2020-03-14,"TAS",5,1,NA
"450",2020-03-14,"AUS",254,48,NA
"451",2020-03-15,"NSW",134,22,"Secretary of NSW Dept. of Education orders schools to introduce social distancing."
"452",2020-03-15,"WA",14,0,"Premier declares a state of emergency along with a formal public health emergency."
"453",2020-03-15,"VIC",57,8,NA
"454",2020-03-15,"SA",20,1,"Public health emergency is declared."
"455",2020-03-15,"ACT",1,0,NA
"456",2020-03-15,"NT",8,0,NA
"457",2020-03-15,"QLD",61,15,NA
"458",2020-03-15,"TAS",7,2,NA
"459",2020-03-15,"AUS",302,48,"Gatherings of 500+ people are cancelled"
"460",2020-03-16,"NSW",171,37,"All public events with 500+ attendees are immediately and indefinitely cancelled."
"461",2020-03-16,"WA",28,14,NA
"462",2020-03-16,"VIC",71,14,"State of emergency is declared and set to expire on 13/04/2020."
"463",2020-03-16,"SA",29,9,NA
"464",2020-03-16,"ACT",2,1,"A public health emergency is declared."
"465",2020-03-16,"NT",8,0,NA
"466",2020-03-16,"QLD",68,7,NA
"467",2020-03-16,"TAS",7,0,NA
"468",2020-03-16,"AUS",384,82,"All arrivals to Australia must self-isolate; cruise ships are banned from docking for 30 days"
"469",2020-03-17,"NSW",210,39,NA
"470",2020-03-17,"WA",31,3,NA
"471",2020-03-17,"VIC",94,23,NA
"472",2020-03-17,"SA",32,3,NA
"473",2020-03-17,"ACT",2,0,NA
"474",2020-03-17,"NT",8,0,"A state of emergency is declared and a 32-day travel ban imposed on Norfolk Island."
"475",2020-03-17,"QLD",78,10,NA
"476",2020-03-17,"TAS",7,0,"A public health emergency is declared"
"477",2020-03-17,"AUS",462,78,NA
"478",2020-03-18,"NSW",267,57,NA
"479",2020-03-18,"WA",35,2,NA
"480",2020-03-18,"VIC",121,27,NA
"481",2020-03-18,"SA",37,5,NA
"482",2020-03-18,"ACT",3,1,NA
"483",2020-03-18,"NT",8,0,NA
"484",2020-03-18,"QLD",94,14,NA
"485",2020-03-18,"TAS",10,3,NA
"486",2020-03-18,"AUS",575,113,"Human biosecurity emergency is declared; cruise ships banned from entering ports"
"487",2020-03-19,"NSW",307,40,NA
"488",2020-03-19,"WA",52,17,NA
"489",2020-03-19,"VIC",150,29,NA
"490",2020-03-19,"SA",42,5,NA
"491",2020-03-19,"ACT",3,0,NA
"492",2020-03-19,"NT",8,0,NA
"493",2020-03-19,"QLD",144,50,NA
"494",2020-03-19,"TAS",10,0,"All ""non-essential"" travellers and returning residents are subject to a mandatory 14-day quarantine."
"495",2020-03-19,"AUS",716,141,NA
"496",2020-03-20,"NSW",353,46,NA
"497",2020-03-20,"WA",64,12,NA
"498",2020-03-20,"VIC",178,28,NA
"499",2020-03-20,"SA",50,8,NA
"500",2020-03-20,"ACT",6,3,NA
"501",2020-03-20,"NT",8,0,NA
"502",2020-03-20,"QLD",184,40,NA
"503",2020-03-20,"TAS",10,0,NA
"504",2020-03-20,"AUS",853,137,"States & territories told to implement social distancing laws of 4sqm/person; borders closed to all non-residents and non-Australian citizens"
"505",2020-03-21,"NSW",436,83,NA
"506",2020-03-21,"WA",90,26,NA
"507",2020-03-21,"VIC",229,51,NA
"508",2020-03-21,"SA",50,0,NA
"509",2020-03-21,"ACT",9,3,NA
"510",2020-03-21,"NT",8,0,NA
"511",2020-03-21,"QLD",221,37,NA
"512",2020-03-21,"TAS",16,6,NA
"513",2020-03-21,"AUS",1059,206,NA
"514",2020-03-22,"NSW",533,97,NA
"515",2020-03-22,"WA",120,30,NA
"516",2020-03-22,"VIC",296,67,NA
"517",2020-03-22,"SA",50,0,"Major emergency is declared, giving police power to enfore self-isolation rules."
"518",2020-03-22,"ACT",9,0,NA
"519",2020-03-22,"NT",8,0,NA
"520",2020-03-22,"QLD",259,38,NA
"521",2020-03-22,"TAS",22,6,NA
"522",2020-03-22,"AUS",1297,238,NA
"523",2020-03-23,"NSW",669,136,NA
"524",2020-03-23,"WA",140,20,NA
"525",2020-03-23,"VIC",355,59,NA
"526",2020-03-23,"SA",134,84,NA
"527",2020-03-23,"ACT",13,4,NA
"528",2020-03-23,"NT",8,0,NA
"529",2020-03-23,"QLD",319,60,NA
"530",2020-03-23,"TAS",28,6,NA
"531",2020-03-23,"AUS",1666,369,"Social gathering spots ordered to close. Restaurants and cafes limited to takeaway service"
"532",2020-03-24,"NSW",818,149,NA
"533",2020-03-24,"WA",175,35,"State borders are closed and all interstate arrivals are required to self-isolate for 14 days."
"534",2020-03-24,"VIC",411,56,"School holidays brought forward from 27 to 24 March."
"535",2020-03-24,"SA",170,36,"State borders are closed. People arriving in the state are required to sign a declaration that they will self-isolate and provide an address to police."
"536",2020-03-24,"ACT",39,26,NA
"537",2020-03-24,"NT",8,0,NA
"538",2020-03-24,"QLD",397,78,NA
"539",2020-03-24,"TAS",36,8,NA
"540",2020-03-24,"AUS",2054,388,NA
"541",2020-03-25,"NSW",1029,211,NA
"542",2020-03-25,"WA",205,30,NA
"543",2020-03-25,"VIC",466,55,NA
"544",2020-03-25,"SA",197,27,NA
"545",2020-03-25,"ACT",44,5,NA
"546",2020-03-25,"NT",8,0,NA
"547",2020-03-25,"QLD",443,46,NA
"548",2020-03-25,"TAS",42,6,NA
"549",2020-03-25,"AUS",2434,380,"Citizens and permanent residents are forbidden from leaving Australia"
"550",2020-03-26,"NSW",1219,190,NA
"551",2020-03-26,"WA",231,36,NA
"552",2020-03-26,"VIC",520,54,NA
"553",2020-03-26,"SA",235,38,NA
"554",2020-03-26,"ACT",44,0,NA
"555",2020-03-26,"NT",12,4,NA
"556",2020-03-26,"QLD",493,50,"Stage 1 restricted entry into Queenland for Queensland residents and those considered ""exempt""."
"557",2020-03-26,"TAS",47,5,NA
"558",2020-03-26,"AUS",2801,367,NA
"559",2020-03-27,"NSW",1405,186,NA
"560",2020-03-27,"WA",255,24,NA
"561",2020-03-27,"VIC",574,54,NA
"562",2020-03-27,"SA",257,22,"A direction is made prohibitng gatherings of 10+ people, and limiting 1 person per 4sqm."
"563",2020-03-27,"ACT",44,0,NA
"564",2020-03-27,"NT",12,0,NA
"565",2020-03-27,"QLD",555,62,NA
"566",2020-03-27,"TAS",58,11,NA
"567",2020-03-27,"AUS",3160,359,NA
"568",2020-03-28,"NSW",1617,212,NA
"569",2020-03-28,"WA",278,23,NA
"570",2020-03-28,"VIC",685,111,NA
"571",2020-03-28,"SA",287,30,NA
"572",2020-03-28,"ACT",71,27,NA
"573",2020-03-28,"NT",12,0,NA
"574",2020-03-28,"QLD",625,70,NA
"575",2020-03-28,"TAS",62,4,NA
"576",2020-03-28,"AUS",3637,477,NA
"577",2020-03-29,"NSW",1791,174,NA
"578",2020-03-29,"WA",311,33,NA
"579",2020-03-29,"VIC",769,84,NA
"580",2020-03-29,"SA",299,12,NA
"581",2020-03-29,"ACT",71,0,NA
"582",2020-03-29,"NT",12,0,NA
"583",2020-03-29,"QLD",656,31,NA
"584",2020-03-29,"TAS",66,4,NA
"585",2020-03-29,"AUS",3975,338,"Public gatherings limited to 2 people; PM clears only 4 acceptable reasons for leaving the house: shopping for essentials, medical/compassionate needs, exercise and work/education"
"586",2020-03-30,"NSW",1918,127,NA
"587",2020-03-30,"WA",355,44,NA
"588",2020-03-30,"VIC",821,52,NA
"589",2020-03-30,"SA",305,6,NA
"590",2020-03-30,"ACT",71,0,NA
"591",2020-03-30,"NT",12,0,NA
"592",2020-03-30,"QLD",689,33,NA
"593",2020-03-30,"TAS",66,0,NA
"594",2020-03-30,"AUS",4237,262,NA
"595",2020-03-31,"NSW",2032,114,NA
"596",2020-03-31,"WA",364,9,NA
"597",2020-03-31,"VIC",917,96,NA
"598",2020-03-31,"SA",337,32,NA
"599",2020-03-31,"ACT",80,9,NA
"600",2020-03-31,"NT",12,0,NA
"601",2020-03-31,"QLD",743,54,NA
"602",2020-03-31,"TAS",69,3,NA
"603",2020-03-31,"AUS",4554,317,NA
"604",2020-04-01,"NSW",2182,150,NA
"605",2020-04-01,"WA",392,28,NA
"606",2020-04-01,"VIC",968,51,NA
"607",2020-04-01,"SA",367,30,NA
"608",2020-04-01,"ACT",84,4,NA
"609",2020-04-01,"NT",12,0,NA
"610",2020-04-01,"QLD",781,38,NA
"611",2020-04-01,"TAS",71,2,NA
"612",2020-04-01,"AUS",4857,303,NA
"613",2020-04-02,"NSW",2298,116,NA
"614",2020-04-02,"WA",392,0,NA
"615",2020-04-02,"VIC",1036,68,NA
"616",2020-04-02,"SA",385,18,NA
"617",2020-04-02,"ACT",84,0,NA
"618",2020-04-02,"NT",18,6,NA
"619",2020-04-02,"QLD",781,0,"A person must not leave their domicile except for essential needs and may receive up to 2 visitors."
"620",2020-04-02,"TAS",74,3,NA
"621",2020-04-02,"AUS",5068,211,NA
"622",2020-04-03,"NSW",2389,91,NA
"623",2020-04-03,"WA",400,8,NA
"624",2020-04-03,"VIC",1036,0,NA
"625",2020-04-03,"SA",385,0,NA
"626",2020-04-03,"ACT",88,4,NA
"627",2020-04-03,"NT",20,4,NA
"628",2020-04-03,"QLD",835,54,NA
"629",2020-04-03,"TAS",74,0,NA
"630",2020-04-03,"AUS",5227,159,NA
"631",2020-04-04,"NSW",2493,104,NA
"632",2020-04-04,"WA",436,36,NA
"633",2020-04-04,"VIC",1115,79,NA
"634",2020-04-04,"SA",407,22,NA
"635",2020-04-04,"ACT",93,5,NA
"636",2020-04-04,"NT",20,0,NA
"637",2020-04-04,"QLD",900,65,NA
"638",2020-04-04,"TAS",82,8,NA
"639",2020-04-04,"AUS",5546,319,NA
"640",2020-04-05,"NSW",2580,87,NA
"641",2020-04-05,"WA",453,7,"State borders are closed, border rules are strengthed and all arrivals are quarantined in city hotels for 14 days."
"642",2020-04-05,"VIC",1135,20,NA
"643",2020-04-05,"SA",409,2,NA
"644",2020-04-05,"ACT",96,3,NA
"645",2020-04-05,"NT",27,7,NA
"646",2020-04-05,"QLD",907,7,NA
"647",2020-04-05,"TAS",82,0,NA
"648",2020-04-05,"AUS",5689,143,NA
"649",2020-04-06,"NSW",2637,57,NA
"650",2020-04-06,"WA",460,7,NA
"651",2020-04-06,"VIC",1158,23,NA
"652",2020-04-06,"SA",411,2,NA
"653",2020-04-06,"ACT",96,0,NA
"654",2020-04-06,"NT",27,0,NA
"655",2020-04-06,"QLD",921,14,"Closure of Queensland waters to cruise ships."
"656",2020-04-06,"TAS",85,3,NA
"657",2020-04-06,"AUS",5795,106,NA
"658",2020-04-07,"NSW",2686,49,NA
"659",2020-04-07,"WA",470,10,NA
"660",2020-04-07,"VIC",1191,33,NA
"661",2020-04-07,"SA",415,4,NA
"662",2020-04-07,"ACT",97,1,NA
"663",2020-04-07,"NT",27,0,NA
"664",2020-04-07,"QLD",934,13,NA
"665",2020-04-07,"TAS",88,3,NA
"666",2020-04-07,"AUS",5908,113,NA
"667",2020-04-08,"NSW",2734,48,NA
"668",2020-04-08,"WA",481,11,NA
"669",2020-04-08,"VIC",1212,21,NA
"670",2020-04-08,"SA",420,5,NA
"671",2020-04-08,"ACT",99,2,NA
"672",2020-04-08,"NT",27,0,NA
"673",2020-04-08,"QLD",943,9,NA
"674",2020-04-08,"TAS",97,9,NA
"675",2020-04-08,"AUS",6013,105,NA
"676",2020-04-09,"NSW",2773,39,NA
"677",2020-04-09,"WA",495,14,NA
"678",2020-04-09,"VIC",1228,16,NA
"679",2020-04-09,"SA",421,1,NA
"680",2020-04-09,"ACT",99,0,NA
"681",2020-04-09,"NT",27,0,NA
"682",2020-04-09,"QLD",953,10,"Non-essential business/activities must not be operated unless conducted over the internet. Restaurants are takeaway or delivery only."
"683",2020-04-09,"TAS",111,14,NA
"684",2020-04-09,"AUS",6107,94,NA
"685",2020-04-10,"NSW",2822,49,NA
"686",2020-04-10,"WA",506,11,NA
"687",2020-04-10,"VIC",1241,13,NA
"688",2020-04-10,"SA",428,7,NA
"689",2020-04-10,"ACT",100,1,NA
"690",2020-04-10,"NT",27,0,NA
"691",2020-04-10,"QLD",965,12,NA
"692",2020-04-10,"TAS",122,11,NA
"693",2020-04-10,"AUS",6203,96,NA
"694",2020-04-11,"NSW",2857,35,NA
"695",2020-04-11,"WA",514,8,NA
"696",2020-04-11,"VIC",1265,24,NA
"697",2020-04-11,"SA",429,1,NA
"698",2020-04-11,"ACT",103,3,NA
"699",2020-04-11,"NT",27,0,NA
"700",2020-04-11,"QLD",974,9,"Stage 4 restrictions implemented."
"701",2020-04-11,"TAS",133,11,NA
"702",2020-04-11,"AUS",6292,89,NA
"703",2020-04-12,"NSW",2854,0,NA
"704",2020-04-12,"WA",517,3,NA
"705",2020-04-12,"VIC",1268,3,"State of emergency extended to 11/05/2020."
"706",2020-04-12,"SA",429,0,NA
"707",2020-04-12,"ACT",102,0,NA
"708",2020-04-12,"NT",27,0,NA
"709",2020-04-12,"QLD",983,9,NA
"710",2020-04-12,"TAS",144,11,"Business restrictions are put in place for 14 days."
"711",2020-04-12,"AUS",6324,32,NA
"712",2020-04-13,"NSW",2863,9,NA
"713",2020-04-13,"WA",523,6,NA
"714",2020-04-13,"VIC",1281,13,"Test criteria are eased to anyone having COVID-19 symptoms"
"715",2020-04-13,"SA",431,2,NA
"716",2020-04-13,"ACT",103,1,NA
"717",2020-04-13,"NT",27,0,NA
"718",2020-04-13,"QLD",987,4,NA
"719",2020-04-13,"TAS",150,6,NA
"720",2020-04-13,"AUS",6359,35,NA
"721",2020-04-14,"NSW",2870,7,NA
"722",2020-04-14,"WA",527,4,NA
"723",2020-04-14,"VIC",1291,10,NA
"724",2020-04-14,"SA",433,2,NA
"725",2020-04-14,"ACT",103,0,NA
"726",2020-04-14,"NT",27,0,NA
"727",2020-04-14,"QLD",998,11,NA
"728",2020-04-14,"TAS",151,1,NA
"729",2020-04-14,"AUS",6400,41,NA
"730",2020-04-15,"NSW",2886,16,NA
"731",2020-04-15,"WA",532,5,NA
"732",2020-04-15,"VIC",1299,8,NA
"733",2020-04-15,"SA",433,0,NA
"734",2020-04-15,"ACT",103,0,NA
"735",2020-04-15,"NT",27,0,NA
"736",2020-04-15,"QLD",999,1,NA
"737",2020-04-15,"TAS",168,17,NA
"738",2020-04-15,"AUS",6447,47,NA
"739",2020-04-16,"NSW",2897,11,NA
"740",2020-04-16,"WA",535,3,NA
"741",2020-04-16,"VIC",1301,2,NA
"742",2020-04-16,"SA",434,1,NA
"743",2020-04-16,"ACT",103,0,NA
"744",2020-04-16,"NT",27,0,NA
"745",2020-04-16,"QLD",1001,2,NA
"746",2020-04-16,"TAS",170,2,NA
"747",2020-04-16,"AUS",6468,21,NA
"748",2020-04-17,"NSW",2926,29,NA
"749",2020-04-17,"WA",541,6,NA
"750",2020-04-17,"VIC",1301,0,NA
"751",2020-04-17,"SA",435,1,NA
"752",2020-04-17,"ACT",103,0,NA
"753",2020-04-17,"NT",27,0,NA
"754",2020-04-17,"QLD",1007,6,NA
"755",2020-04-17,"TAS",180,10,NA
"756",2020-04-17,"AUS",6520,52,NA
"757",2020-04-18,"NSW",2936,10,NA
"758",2020-04-18,"WA",544,3,NA
"759",2020-04-18,"VIC",1319,18,NA
"760",2020-04-18,"SA",435,0,NA
"761",2020-04-18,"ACT",103,0,NA
"762",2020-04-18,"NT",27,0,NA
"763",2020-04-18,"QLD",1014,7,NA
"764",2020-04-18,"TAS",184,4,NA
"765",2020-04-18,"AUS",6563,43,NA
"766",2020-04-19,"NSW",2957,21,NA
"767",2020-04-19,"WA",545,1,NA
"768",2020-04-19,"VIC",1328,9,NA
"769",2020-04-19,"SA",435,0,NA
"770",2020-04-19,"ACT",103,0,NA
"771",2020-04-19,"NT",28,1,NA
"772",2020-04-19,"QLD",1019,5,NA
"773",2020-04-19,"TAS",192,8,NA
"774",2020-04-19,"AUS",6606,43,NA
"775",2020-04-20,"NSW",2969,12,NA
"776",2020-04-20,"WA",545,0,NA
"777",2020-04-20,"VIC",1329,1,NA
"778",2020-04-20,"SA",435,0,NA
"779",2020-04-20,"ACT",104,1,NA
"780",2020-04-20,"NT",27,0,NA
"781",2020-04-20,"QLD",1019,0,NA
"782",2020-04-20,"TAS",197,5,NA
"783",2020-04-20,"AUS",6625,19,NA
"784",2020-04-21,"NSW",2971,3,NA
"785",2020-04-21,"WA",546,1,NA
"786",2020-04-21,"VIC",1336,7,NA
"787",2020-04-21,"SA",437,2,NA
"788",2020-04-21,"ACT",104,0,NA
"789",2020-04-21,"NT",27,0,NA
"790",2020-04-21,"QLD",1024,5,NA
"791",2020-04-21,"TAS",202,5,NA
"792",2020-04-21,"AUS",6647,22,NA
"793",2020-04-22,"NSW",2971,0,NA
"794",2020-04-22,"WA",546,0,NA
"795",2020-04-22,"VIC",1336,0,NA
"796",2020-04-22,"SA",438,1,NA
"797",2020-04-22,"ACT",104,0,NA
"798",2020-04-22,"NT",27,0,NA
"799",2020-04-22,"QLD",1024,0,NA
"800",2020-04-22,"TAS",203,1,NA
"801",2020-04-22,"AUS",6649,2,NA
"802",2020-04-23,"NSW",2976,5,NA
"803",2020-04-23,"WA",546,0,NA
"804",2020-04-23,"VIC",1337,1,NA
"805",2020-04-23,"SA",438,0,NA
"806",2020-04-23,"ACT",104,0,NA
"807",2020-04-23,"NT",27,0,NA
"808",2020-04-23,"QLD",1026,2,NA
"809",2020-04-23,"TAS",207,4,NA
"810",2020-04-23,"AUS",6661,12,NA
"811",2020-04-24,"NSW",2994,18,NA
"812",2020-04-24,"WA",548,2,NA
"813",2020-04-24,"VIC",1343,6,NA
"814",2020-04-24,"SA",438,0,NA
"815",2020-04-24,"ACT",104,0,NA
"816",2020-04-24,"NT",27,0,NA
"817",2020-04-24,"QLD",1026,0,NA
"818",2020-04-24,"TAS",207,0,NA
"819",2020-04-24,"AUS",6687,26,NA
"820",2020-04-25,"NSW",3002,8,NA
"821",2020-04-25,"WA",549,1,NA
"822",2020-04-25,"VIC",1346,3,NA
"823",2020-04-25,"SA",438,0,NA
"824",2020-04-25,"ACT",105,1,NA
"825",2020-04-25,"NT",27,0,NA
"826",2020-04-25,"QLD",1027,1,NA
"827",2020-04-25,"TAS",207,0,NA
"828",2020-04-25,"AUS",6703,16,"Health Minister approves COVIDSafe and encourages public uptake"
"829",2020-04-26,"NSW",3004,2,NA
"830",2020-04-26,"WA",549,0,NA
"831",2020-04-26,"VIC",1349,3,NA
"832",2020-04-26,"SA",438,0,NA
"833",2020-04-26,"ACT",106,1,NA
"834",2020-04-26,"NT",27,0,NA
"835",2020-04-26,"QLD",1030,3,NA
"836",2020-04-26,"TAS",210,3,NA
"837",2020-04-26,"AUS",6713,10,NA
"838",2020-04-27,"NSW",3009,5,NA
"839",2020-04-27,"WA",549,0,NA
"840",2020-04-27,"VIC",1349,0,NA
"841",2020-04-27,"SA",438,0,NA
"842",2020-04-27,"ACT",106,0,NA
"843",2020-04-27,"NT",27,0,NA
"844",2020-04-27,"QLD",1033,3,NA
"845",2020-04-27,"TAS",214,4,NA
"846",2020-04-27,"AUS",6725,12,NA
"847",2020-04-28,"NSW",3009,0,NA
"848",2020-04-28,"WA",550,1,NA
"849",2020-04-28,"VIC",1351,2,NA
"850",2020-04-28,"SA",438,0,NA
"851",2020-04-28,"ACT",106,0,NA
"852",2020-04-28,"NT",27,0,NA
"853",2020-04-28,"QLD",1033,0,NA
"854",2020-04-28,"TAS",217,3,NA
"855",2020-04-28,"AUS",6731,6,NA
"856",2020-04-29,"NSW",NA,NA,NA
"857",2020-04-29,"WA",NA,NA,NA
"858",2020-04-29,"VIC",NA,NA,NA
"859",2020-04-29,"SA",NA,NA,NA
"860",2020-04-29,"ACT",NA,NA,NA
"861",2020-04-29,"NT",NA,NA,NA
"862",2020-04-29,"QLD",NA,NA,NA
"863",2020-04-29,"TAS",NA,NA,NA
"864",2020-04-29,"AUS",NA,NA,NA
"865",2020-04-30,"NSW",NA,NA,NA
"866",2020-04-30,"WA",NA,NA,NA
"867",2020-04-30,"VIC",NA,NA,NA
"868",2020-04-30,"SA",NA,NA,NA
"869",2020-04-30,"ACT",NA,NA,NA
"870",2020-04-30,"NT",NA,NA,NA
"871",2020-04-30,"QLD",NA,NA,NA
"872",2020-04-30,"TAS",NA,NA,NA
"873",2020-04-30,"AUS",NA,NA,NA
"874",2020-05-01,"NSW",NA,NA,NA
"875",2020-05-01,"WA",NA,NA,NA
"876",2020-05-01,"VIC",NA,NA,NA
"877",2020-05-01,"SA",NA,NA,NA
"878",2020-05-01,"ACT",NA,NA,NA
"879",2020-05-01,"NT",NA,NA,NA
"880",2020-05-01,"QLD",NA,NA,NA
"881",2020-05-01,"TAS",NA,NA,NA
"882",2020-05-01,"AUS",NA,NA,NA
"883",2020-05-02,"NSW",NA,NA,NA
"884",2020-05-02,"WA",NA,NA,NA
"885",2020-05-02,"VIC",NA,NA,NA
"886",2020-05-02,"SA",NA,NA,NA
"887",2020-05-02,"ACT",NA,NA,NA
"888",2020-05-02,"NT",NA,NA,NA
"889",2020-05-02,"QLD",NA,NA,NA
"890",2020-05-02,"TAS",NA,NA,NA
"891",2020-05-02,"AUS",NA,NA,NA
